Job ID,IMEI,SN,Make,Model,Color,Memory,Device Type,Model Code,Last Repair Status,Defect Type,Defect Desc,Repair Description,Part1,Qty1,Part2,Qty2,Part3,Qty3,Part4,Qty4,Part5,Qty5,Part6,Qty6,Part7,Qty7,Part8,Qty8,Part9,Qty9,Part10,Qty10,Part11,Qty11,Part12,Qty12,Part13,Qty13,Part14,Qty14,Part15,Qty15
1272227,351451340675693,RFCX613MJRM,Samsung,SM-F956B/DS,Silver,256GB,Mobile phone,SM-F956BZSBEUB,REPAIRED,UB,intermittently image when it&apos;s folded,"Replaced - screen, tapes, SP",GH82-35137A,1,GH81-26062A,2,GH82-35138A,1,GH82-35046A,1,GH82-35139A,1,0,0,0,0,0,0,0,0,,,,,,,,,,,,
1272910,351451340621135,RFCX612ZFYD,Samsung,SM-F956B/DS,Silver,256GB,Mobile phone,SM-F956BZSBEUB,REPAIRED,L1,SP,Replaced sp,GH81-26062A,2,0,0,0,0,0,0,0,0,0,0,0,0,0,0,0,0,,,,,,,,,,,,
1282612,358223750658813,RZCXB0Z98AD,Samsung,SM-F741B,Silver,256GB,Mobile phone,SM-F741BZSGEUB,REPAIRED,UB,black spots on fold line,Replaced screen,GH82-35022A,1,GH82-35145A,1,GH98-49714A,1,GH81-26035A,2,GH02-26398A,1,GH02-26374A,1,GH82-35141A,1,GH82-35143A,1,0,0,,,,,,,,,,,,
1289718,355622364488561,R5CWC3MFTBK,Samsung,SM-S926B/DS,Violet,256GB,Mobile phone,SM-S926BZVDEUB,REPAIRED,L2,front cam,replaced front camera,GH96-16298A,1,0,0,0,0,0,0,0,0,0,0,0,0,0,0,0,0,,,,,,,,,,,,
1289981,352688830785933,RFCXC0REJBY,Samsung,SM-S931B/DS,Light Blue,128GB,Mobile phone,SM-S931BLBDEUB,REPAIRED,UB,Oled+Front Camera,Oled+Front Camera,GH82-36478A,1,GH82-36327A,1,GH82-36476A,1,GH96-18300A,1,0,0,0,0,0,0,0,0,0,0,,,,,,,,,,,,
1290085,352688831111873,RFCXC147SLP,Samsung,SM-S931B/DS,Light Blue,128GB,Mobile phone,SM-S931BLBDEUB,REPAIRED,UB,Oled,Oled,GH82-36327A,1,GH82-36478A,1,GH82-36476A,1,0,0,0,0,0,0,0,0,0,0,0,0,,,,,,,,,,,,
1290165,352688830779985,RFCXC0RE0AB,Samsung,SM-S931B/DS,Light Blue,128GB,Mobile phone,SM-S931BLBDEUB,REPAIRED,L2,Front Camera FAIL,replaced front cam,GH96-18300A,1,0,0,0,0,0,0,0,0,0,0,0,0,0,0,0,0,,,,,,,,,,,,
1290166,351478610789821,R5CY42BBTKM,Samsung,SM-S937B/DS,Silver,256GB,Mobile phone,SM-S937BZSDEUB,REPAIRED,L2,&quot;Camera front&quot;,replaced front camera and tapes,GH82-37312A,1,GH96-19403A,1,0,0,0,0,0,0,0,0,0,0,0,0,0,0,,,,,,,,,,,,
1290299,354222655729855,R5CXC32E5VE,Samsung,SM-S938B/DS,Blue,256GB,Mobile phone,SM-S938BZBDEUB,REPAIRED,L2,&quot;Call test fail&quot;,usb port and flex,GH82-37696A,1,GH96-18321A,1,GH59-15810A,1,0,0,0,0,0,0,0,0,0,0,0,0,,,,,,,,,,,,
1290378,352688831110545,RFCXC147NKT,Samsung,SM-S931B/DS,Light Blue,128GB,Mobile phone,SM-S931BLBDEUB,REPAIRED,L2,&quot;Camera front&quot;,front cam,GH96-18300A,1,GH82-36476A,1,0,0,0,0,0,0,0,0,0,0,0,0,0,0,,,,,,,,,,,,
1290382,354222655866418,R5CXC3JMSKY,Samsung,SM-S938B/DS,Blue,256GB,Mobile phone,SM-S938BZBDEUB,REPAIRED,L2,&quot;Camera front&quot;,front cam replaced,GH82-37696A,1,GH96-17872A,1,0,0,0,0,0,0,0,0,0,0,0,0,0,0,,,,,,,,,,,,
1292675,353074281685220,R5CT51GNAYA,Samsung,SM-S908B/DS,Black,128GB,Mobile phone,SM-S908BZKDEUB,REPAIRED,L2,Replacement main board,Replacement main board,GH82-27534A,1,0,0,0,0,0,0,0,0,0,0,0,0,0,0,0,0,,,,,,,,,,,,
1292800,351234163558497,RZCX31CH4BZ,Samsung,SM-A556B/DS,Light Violet,128GB,Mobile phone,SM-A556BLVAEUE,REPAIRED,L1,tape,Replaced tape,GH82-34540A,1,0,0,0,0,0,0,0,0,0,0,0,0,0,0,0,0,,,,,,,,,,,,
1296497,351885211281877,R5CWC4GYNRF,Samsung,SM-S928B/DS,Titanium,256GB,Mobile phone,SM-S928BZTGEUB,REPAIRED,UB,&quot;Camera front&quot;+&quot;Missing Stylus&quot;+screen+b,Refurb,GH98-48962A,1,GH96-16577A,1,GH82-33349A,1,GH82-33387A,1,GH82-33399A,1,GH82-33544A,1,GH82-33385A,1,GH96-16299A,1,0,0,,,,,,,,,,,,
1296551,351478610736152,R5CY3415J3L,Samsung,SM-S937B/DS,Silver,256GB,Mobile phone,SM-S937BZSDEUB,REPAIRED,L2,&quot;Camera front&quot;,tmt refurb,GH96-19403A,1,GH82-37312A,1,0,0,0,0,0,0,0,0,0,0,0,0,0,0,,,,,,,,,,,,
1296807,353936440335675,R5CX61EYARR,Samsung,SM-F741B,Light Blue,256GB,Mobile phone,SM-F741BLBGEUB,REPAIRED,UB,"Oled+&quot;Camera back,Camera front,Dark shadows&quot;",Replaced screen and cameras,GH96-16980A,1,GH96-15978A,1,GH81-26035A,1,GH82-35141A,1,GH82-35022A,1,GH82-35145A,1,GH82-35143A,1,GH02-26398A,1,GH98-49714A,1,,,,,,,,,,,,
1298452,355928812007428,R5CW12MN4EY,Samsung,SM-S918B/DS,Black,256GB,Mobile phone,SM-S918BZKDEUB,REPAIRED,UB,"screen , BG , sim tray ,  Damaged,Scratches around rear came",screen frame batt cover sim tray,GH81-24724A,1,GH82-30400A,1,GH82-30459A,1,GH98-48039A,1,GH96-15833A,1,GH82-33783A,1,0,0,0,0,0,0,,,,,,,,,,,,
1298454,355928812025743,R5CW12MPSYM,Samsung,SM-S918B/DS,Black,256GB,Mobile phone,SM-S918BZKDEUB,REPAIRED,UB,flickering screen,"Replaced screen, frame, back cover",GH82-33783A,1,GH96-15833A,1,GH82-30400A,1,GH82-30459A,1,GH81-24724A,1,0,0,0,0,0,0,0,0,,,,,,,,,,,,
1299303,353936440340048,R5CX61EYQ0H,Samsung,SM-F741B,Light Blue,256GB,Mobile phone,SM-F741BLBGEUB,REPAIRED,UB,"screen , sub screen",replaced screen/tapes/screen protector/sub screen,GH82-35141A,1,GH82-35143A,1,GH81-26035A,1,GH97-30012C,1,GH02-26374A,1,GH02-26398A,1,GH98-49714A,1,GH82-35145A,1,GH82-35022A,1,,,,,,,,,,,,
1299681,353936443174212,R5CX72GDF0Y,Samsung,SM-F741B,Light Blue,256GB,Mobile phone,SM-F741BLBGEUB,REPAIRED,L2,OOW due to impact damage- Punctures in the screenCondition:,"Replaced - screen, batteries, tapes",GH82-35141A,1,GH82-35143A,1,GH82-35014C,1,GH82-35024A,1,GH82-35023A,1,0,0,0,0,0,0,0,0,,,,,,,,,,,,
1300010,355928810769565,R5CTC1HVLVN,Samsung,SM-S918B/DS,Green,256GB,Mobile phone,SM-S918BZGDEUB,REPAIRED,AE,"&quot;Missing Stylus,Scratches around rear camera&quot;",Replaced pen,GH96-15658C,1,0,0,0,0,0,0,0,0,0,0,0,0,0,0,0,0,,,,,,,,,,,,
1300109,355928811917841,R5CW12DMW4V,Samsung,SM-S918B/DS,Green,256GB,Mobile phone,SM-S918BZGDEUB,REPAIRED,L2,"&quot;Camera front&quot; , Stylus&quot; , screen","OOW-front camera, S-pen and tape",GH96-15541A,1,GH96-15658C,1,GH81-23177A,1,0,0,0,0,0,0,0,0,0,0,0,0,,,,,,,,,,,,
1300598,353936442634489,R5CX71HLB4Z,Samsung,SM-F741B,Light Blue,256GB,Mobile phone,SM-F741BLBGEUB,REPAIRED,L2,OOW due to damage to hinge and cracked Back glassCondition p,"Main screen, frame, batteries, tapes replaced",GH82-35023A,1,GH82-35143A,1,GH82-35141A,1,GH82-35182C,1,GH82-35024A,1,GH82-35014C,1,0,0,0,0,0,0,,,,,,,,,,,,
1300790,352648381501188,R5CY80CX5PN,Samsung,SM-F766B,Dark Blue,512GB,Mobile phone,SM-F766BDBHEUB,REPAIRED,L2,Condition: PoorOOW due by puncture on main screen both sides,"Replaced - Screen, Batteries, kits.",GH82-37581A,1,GH82-37583A,1,GH82-37582A,1,GH82-37820A,1,GH82-37818A,1,0,0,0,0,0,0,0,0,,,,,,,,,,,,
1301067,350300270341647,R5CX13QKJ4D,Samsung,SM-S928B/DS,Light Blue,,Mobile phone,SM-S928BLBHEUB,REPAIRED,UB,OOW due to damage to the screenCondition goodIt fell on the,replaced screen/tapes,GH82-33385A,1,GH82-33544A,1,GH82-33392A,1,0,0,0,0,0,0,0,0,0,0,0,0,,,,,,,,,,,,
1301126,352648381729052,R5CY84BDB2B,Samsung,SM-F766B,Light Green,512GB,Mobile phone,SM-F766BLGHEUB,REPAIRED,L2,OOW due to damage to the screen and broken back coverConditi,replaced screens batteries and tapes,GH82-37579A,1,GH82-37583A,1,GH82-37582A,1,GH82-37581E,1,GH81-27575A,1,GH82-37820A,1,GH82-37818A,1,0,0,0,0,,,,,,,,,,,,
1301329,351451340564012,RFCX60RCDEZ,Samsung,SM-F956B/DS,Silver,256GB,Mobile phone,SM-F956BZSBEUB,REPAIRED,UB,Grading_discrepancy_subscreen,"Replaced OLED, sub pba and tapes",GH82-35039A,1,GH82-35137A,1,GH82-35138A,1,GH82-35139A,1,GH82-35046A,1,0,0,0,0,0,0,0,0,,,,,,,,,,,,
1302087,350929876357530,R3CX302ZQZF,Samsung,SM-F731B,Grey,256GB,Mobile phone,SM-F731BZAGEUB,REPAIRED,L2,IQC skipped - no display,"Repaired screen, frame, batteries, tapes, cover screen",GH82-31828A,1,GH82-34625A,2,GH81-23854A,2,GH97-29135A,1,GH82-31700A,1,GH82-35929A,1,GH82-35928A,1,GH82-31699A,1,0,0,,,,,,,,,,,,
1302447,350117734341652,RFCY70DA82V,Samsung,SM-F966B/DS,Black,,Mobile phone,SM-F966BZKCEUB,REPAIRED,UB,IW - no display main screen,screen and PBA - camera isses not passing OQC test,GH82-37753A,1,GH82-37822A,2,GH82-37824A,1,GH82-38023A,1,GH81-27757A,1,GH82-37543A,1,0,0,0,0,0,0,,,,,,,,,,,,
1302505,350117735245183,RFCY71HJ0MJ,Samsung,SM-F966B/DS,Silver,,Mobile phone,SM-F966BZSCEUB,REPAIRED,L2,IT EAS ON CHARGE ON MY BEDSIDE CABINET LIKE IT IS EVERY NIGH,SCREEN ADN BATTERY,GH82-37824A,1,GH81-27757A,2,GH82-37544A,1,GH82-38023A,1,GH82-37550A,1,GH82-37549A,1,GH82-38664A,1,0,0,0,0,,,,,,,,,,,,
1302703,350347646559253,,Samsung,SM-A137F,Black,,Mobile phone,,REPAIRED,SU,OOW POP neededCondition goodGoogle account was logged in a c,Removed FRP,0,0,0,0,0,0,0,0,0,0,0,0,0,0,0,0,0,0,,,,,,,,,,,,
1302705,353341126703371,R58T51LSABF,Samsung,SM-A135F/DSN,Black,,Mobile phone,SM-A135FZKVEUB,REPAIRED,SU,Condition: FairOOW by datequery Issue: Google account was lo,FRP unlock complete,0,0,0,0,0,0,0,0,0,0,0,0,0,0,0,0,0,0,,,,,,,,,,,,
1302709,350439420688299,R5CW82ZCRKX,Samsung,SM-S918B/DS,Red,,Mobile phone,SM-S918BZRPEUB,REPAIRED,UB,Condition: PoorOOW by datequery screen smashed,screen,GH82-33783A,1,GH81-24724A,1,GH81-24723A,1,0,0,0,0,0,0,0,0,0,0,0,0,,,,,,,,,,,,
1303216,350966321039107,R3CY90F1B7K,Samsung,SM-F966B/DS,Dark Blue,,Mobile phone,SM-F966BDBBEUB,REPAIRED,UB,broken screen,screen replaced,GH82-38023A,1,GH82-37824A,1,GH82-37822A,1,GH82-37543A,1,GH81-27757A,2,0,0,0,0,0,0,0,0,,,,,,,,,,,,
1303218,350117736300359,RFGYB42V49P,Samsung,SM-F966B/DS,Black,,Mobile phone,SM-F966BZKCEUB,REPAIRED,UB,OOW Impact DamagePunctures in the displayCondition: FairQuer,"Replaced OLED, Screen protector, Cover and tapes",GH82-37534C,1,GH81-27757A,2,GH82-37824A,1,GH82-37543A,1,GH82-38023A,1,GH82-37822A,1,0,0,0,0,0,0,,,,,,,,,,,,
1303259,353936444209280,R5CX82CVDZB,Samsung,SM-F741B,Silver,256GB,Mobile phone,SM-F741BZSGEUB,REPAIRED,UB,Condition - Fair OW- dented main screen QUERY- Small thing o,screen,GH82-35022A,1,GH82-35145A,1,GH81-26035A,1,GH82-35141A,1,GH82-35143A,1,0,0,0,0,0,0,0,0,,,,,,,,,,,,
1303321,350798025524898,R5CY81CS9VE,Samsung,SM-F766B,Black,256GB,Mobile phone,SM-F766BZKGEUB,REPAIRED,L2,Condition: FairQuery: My screen is just showing a completely,replaced screen/batteries/tapes,GH82-37818A,1,GH82-37820A,1,GH82-38794C,1,GH82-37582A,1,GH82-37583A,1,0,0,0,0,0,0,0,0,,,,,,,,,,,,
1303373,354949613672609,R5CRA1M46NR,Samsung,SM-F711B,Black,256GB,Mobile phone,SM-F711BZKFEUA,REPAIRED,L2,OOW By dateCondition: FairQuery: Top half of inner screen is,"OCTA, Batteries and Tapes Replaced",GH97-26773A,1,GH82-26257A,1,GH82-35108A,1,GH82-26270A,1,GH82-26271A,1,GH82-27243A,1,GH81-22922A,1,0,0,0,0,,,,,,,,,,,,
1303399,358223750143378,RZCX828QKGT,Samsung,SM-F741B,Light Blue,256GB,Mobile phone,SM-F741BLBGEUB,REPAIRED,IP,"OOW Impact DamagePuncture in the display, high damage on the",repair price declined - return without repair,0,0,0,0,0,0,0,0,0,0,0,0,0,0,0,0,0,0,,,,,,,,,,,,
1303399,358223750143378,RZCX828QKGT,Samsung,SM-F741B,Light Blue,256GB,Mobile phone,SM-F741BLBGEUB,REPAIRED,IP,"OOW Impact DamagePuncture in the display, high damage on the",repair price declined - return without repair,0,0,0,0,0,0,0,0,0,0,0,0,0,0,0,0,0,0,,,,,,,,,,,,
1303428,350798020871476,R5CY63VWMLF,Samsung,SM-F766B,Black,256GB,Mobile phone,SM-F766BZKGEUB,REPAIRED,UB,"Display is damaged - Puncture marks, dead pixels.",replaced screen/tapes/screen protector,GH81-27575A,1,GH82-37820A,1,GH82-37818A,1,GH82-37816A,1,GH82-37578A,1,0,0,0,0,0,0,0,0,,,,,,,,,,,,
1303842,355101740411647,R5CY71H4J2L,Samsung,SM-F761B,Black,,Mobile phone,SM-F761BZKHEUB,REPAIRED,UB,"Condition: PoorMM OFFPuncture marks and flickering, black pi",Replaced screen,GH82-37735A,1,GH82-35145A,1,GH82-35141A,1,GH82-35143A,1,GH81-27995A,1,0,0,0,0,0,0,0,0,,,,,,,,,,,,
1303851,350622234169065,RFCY70QNGMP,Samsung,SM-F966B/DS,Black,,Mobile phone,SM-F966BZKNEUB,REPAIRED,L2,Frame dented high damage - OOW condition.,"Screen, frame, battery.",GH82-37823A,1,GH82-37549A,1,GH82-37550A,1,GH82-38664C,1,GH82-37824A,1,0,0,0,0,0,0,0,0,,,,,,,,,,,,
1304012,351337091006909,R5CX72GB7LJ,Samsung,SM-F741B,Light Blue,512GB,Mobile phone,SM-F741BLBHEUB,REPAIRED,UB,Condition: PoorOOW due by-puncture on the screen,"Replaced screen, tapes, sp",GH82-35022A,1,GH81-26035A,2,GH82-35141A,1,GH82-35143A,1,GH82-35145A,1,0,0,0,0,0,0,0,0,,,,,,,,,,,,
1305294,353936442727846,R5CX71KA1JN,Samsung,SM-F741B,Light Blue,256GB,Mobile phone,SM-F741BLBGEUB,REPAIRED,UB,OOW due to impact damage- dents/punctures in the display- NO,"replaced screen, tapes",GH82-35022A,1,GH81-26035A,2,GH82-35141A,1,GH82-35143A,1,GH82-35145A,1,0,0,0,0,0,0,0,0,,,,,,,,,,,,
1306003,359412610041661,RZCX82C5E6P,Samsung,SM-F741B,Yellow,512GB,Mobile phone,SM-F741BZYHEUB,REPAIRED,UB,"Screen protector not installed, a number of dents across the",Main screen replaced,GH81-26035A,2,GH82-35143A,1,GH82-35022A,1,GH82-35145A,1,GH98-49714A,1,GH02-26398A,1,GH02-26374A,1,GH82-35141A,1,0,0,,,,,,,,,,,,
1306041,351201819579623,R5CY91GB0EE,Samsung,SM-S938B/DS,Green,,Mobile phone,SM-S938BZGGEUB,REPAIRED,UB,"[Defect HW, SW, App]","Replaced oled, frame, battery, tapes",GH82-36588A,1,GH82-36386A,1,GH82-36389A,1,GH82-36520A,1,GH82-36522A,1,0,0,0,0,0,0,0,0,,,,,,,,,,,,
1306071,353074285788491,R5CTC23HXVR,Samsung,SM-S908B/DS,Green,128GB,Mobile phone,SM-S908BZGDEUB,REPAIRED,L2,device has no power,Replaced main board usb port and cover,GH96-14802A,1,GH82-27457D,1,GH82-27534A,1,GH96-15290D,1,0,0,0,0,0,0,0,0,0,0,,,,,,,,,,,,
1306079,351788410758713,RFCX719G1JA,Samsung,SM-F956B/DS,White,,Mobile phone,SM-F956BZWCEUB,REPAIRED,L2,"OW - High hinge damage, damaged SUBLCDCondition: PoorOOW due","Replaced:ĀDisplay,ĀSubĀscreenĀandĀbatteries",GH96-16976A,1,GH82-35138A,1,GH82-35039A,1,GH82-35139A,1,GH96-17142A,1,GH82-35042E,1,GH82-35048A,1,GH82-35049A,1,GH82-35047A,1,,,,,,,,,,,,
1306091,352235910300827,RZCXC11H2QH,Samsung,SM-F956B/DS,Dark Blue,,Mobile phone,SM-F956BDBBEUB,REPAIRED,UB,"When the phone folds open, it flashes briefly, and then ther",replaced display + battery,GH82-35139A,1,GH82-35138A,1,GH82-35039A,1,GH82-35046A,1,GH82-35049A,1,GH82-35137A,1,GH81-26062A,2,GH82-35048A,1,0,0,,,,,,,,,,,,
1306124,350929872932906,R5CW819ZG0L,Samsung,SM-F731B,Green,256GB,Mobile phone,SM-F731BZGGEUB,REPAIRED,UB,Condition: FairMM ONCX: SP bobblingoled needed fro repair -,screen,GH82-32951A,1,GH82-35928A,1,GH82-34625A,1,GH81-23854A,2,GH82-35929A,1,0,0,0,0,0,0,0,0,,,,,,,,,,,,
1306477,353936443070584,R5CX729GESW,Samsung,SM-F741B,White,256GB,Mobile phone,SM-F741BZWGEUB,REPAIRED,L2,IQC skipped - power issues,"Replaced - Screen, batteries, kits.",GH82-35143A,1,GH82-35141A,1,GH82-35023A,1,GH82-35024A,1,GH82-35014F,1,0,0,0,0,0,0,0,0,,,,,,,,,,,,
1306497,350966326062278,RFCY918T5DK,Samsung,SM-F966B/DS,Silver,,Mobile phone,SM-F966BZSBEUB,REPAIRED,L2,sub screen lifting,"Replaced front screen, sub antena, tape",GH82-38023A,1,GH96-19619A,1,GH82-37544A,1,0,0,0,0,0,0,0,0,0,0,0,0,,,,,,,,,,,,
1306505,352242380138919,RFCX715YJGZ,Samsung,SM-F956B/DS,White,,Mobile phone,SM-F956BZWNEUB,REPAIRED,L2,IQC SKIPPED - NO INSIDE DISPLAY,"NEW SCREEN, BATTS, TAPES, SUB PBA AND FLEX CABLE",GH59-15765A,1,GH82-35039A,1,GH82-35139A,1,GH82-35042E,1,GH82-35138A,1,GH82-35049A,1,GH82-35048A,1,0,0,0,0,,,,,,,,,,,,
1306534,350798026836200,R5GYB2SBGCP,Samsung,SM-F766B,Dark Blue,256GB,Mobile phone,SM-F766BDBGEUB,REPAIRED,L2,Lines and black spots on the sub screenOOW due to prior unau,"RearĀcameras,ĀsubĀscreen,Ābatteries, main boardĀtapesĀreplaced",GH96-19443A,1,GH96-19474A,1,GH82-37580A,1,GH82-37583A,1,GH82-37582A,1,GH82-37820A,1,GH82-37818A,1,GH82-37579A,1,0,0,,,,,,,,,,,,
1306584,355235301412584,RFCX4129GDK,Samsung,SM-F946B/DS,Beige,,Mobile phone,SM-F946BZECEUB,REPAIRED,L2,Can&apos;t charge and big screen not working have black line,"replaced screen, sub screen, batts, and tapes",GH81-24613A,1,GH82-31843B,1,GH82-31847A,1,GH82-31846A,1,GH82-31849A,1,GH81-24686A,1,0,0,0,0,0,0,,,,,,,,,,,,
1306606,350966326181631,RFCYA0SX4XB,Samsung,SM-F966B/DS,Black,,Mobile phone,SM-F966BZKBEUB,REPAIRED,UB,OW - Multiple stab marks in main screen,"Repaired screen, tapes",GH82-37822A,1,GH81-27757A,2,GH82-37824A,2,GH82-38023A,1,GH82-37543A,1,0,0,0,0,0,0,0,0,,,,,,,,,,,,
1306609,353936443326580,R5CX72QPZHH,Samsung,SM-F741B,Light Green,256GB,Mobile phone,SM-F741BLGGEUB,REPAIRED,L2,Condition: PoorOOW due to impact damage deco frame screen da,replaced / screen/ battery/ tape,GH81-26035A,2,GH98-49236D,1,GH82-35023A,1,GH82-35141A,1,GH82-35024A,1,GH82-35014D,1,GH82-35145A,2,GH82-35143A,1,GH96-16981A,1,,,,,,,,,,,,
1306610,358561910887578,RFCY313KSVY,Samsung,SM-S938B/DS,Absolute Black,,Mobile phone,SM-S938BAKHEUB,REPAIRED,UB,Condition: PoorOOW due by -damage screencx-It fell and the s,"Screen, front camera, main board replaced",GH59-15819A,1,GH82-36576A,1,GH96-17872A,1,GH82-36520A,1,GH82-36522A,1,GH82-36588A,1,0,0,0,0,0,0,,,,,,,,,,,,
1306620,355101740543803,R5CYA30P2YK,Samsung,SM-F761B,White,,Mobile phone,SM-F761BZWHEUB,REPAIRED,UB,"IW - Display fault, TFE crack","Repaired screen, tapes",GH81-27995A,2,GH82-35145A,1,GH82-35143A,1,GH82-35141A,1,GH82-37735A,1,0,0,0,0,0,0,0,0,,,,,,,,,,,,
1306689,350929873239368,R5CW828D9AA,Samsung,SM-F731B,Blue,256GB,Mobile phone,SM-F731BZBGEUB,REPAIRED,L1,Condition: FairOOW by datecx-The screen protection has lifte,Display frame and screen protector replaced,GH81-23854A,2,GH82-34625A,1,0,0,0,0,0,0,0,0,0,0,0,0,0,0,,,,,,,,,,,,
1306695,350929873376459,R5CW82H6B9X,Samsung,SM-F731B,Light Green,256GB,Mobile phone,SM-F731BLGGEUB,REPAIRED,L2,Condition: PoorOOW by datecx-The inner screen will not respo,"Screen, frame, batteries, tapes replaced",GH82-31828D,1,GH82-31700A,1,GH82-31699A,1,GH82-35929A,1,GH81-26529A,1,0,0,0,0,0,0,0,0,,,,,,,,,,,,
1306696,350525851939506,R5CT81DLT7W,Samsung,SM-F721B,Light Violet,256GB,Mobile phone,SM-F721BLVHEUB,REPAIRED,L2,Condition: FairOOW by dateScreen goes black when foldingflex,"replaced screen, batts, tapes",GH82-35082A,1,GH81-24715A,1,GH82-29434A,1,GH82-29433A,1,GH82-30238B,1,0,0,0,0,0,0,0,0,,,,,,,,,,,,
1306886,351451341367548,RFCX703V0ZH,Samsung,SM-F956B/DS,Light Pink,,Mobile phone,SM-F956BLIBEUE,REPAIRED,UB,IQC passed - lines on screen,"replaced screens, tapes",GH82-35046A,1,GH81-26062A,2,GH82-35139A,1,GH82-35137A,1,GH82-35047A,1,GH82-35138A,2,0,0,0,0,0,0,,,,,,,,,,,,
1306897,351451342379369,RFCX805V48K,Samsung,SM-F956B/DS,Dark Blue,,Mobile phone,SM-F956BDBBEUB,REPAIRED,L2,OOW due to damage on the hinge/ frame causing the device to,"replaced screen, batts, tapes",GH82-35042C,1,GH82-35048A,1,GH82-35049A,1,GH82-35139A,1,GH82-35138A,1,0,0,0,0,0,0,0,0,,,,,,,,,,,,
1306898,350337170583134,RZCY617AFME,Samsung,SM-A566B/DS,Black,,Mobile phone,SM-A566BZKAEEB,REPAIRED,L2,When connecting power to the device an alarm goes off saying,Replaced - Charging port and kit,GH96-19091A,1,GH82-36832A,1,0,0,0,0,0,0,0,0,0,0,0,0,0,0,,,,,,,,,,,,
1306906,350798025801262,R5CY831JH6Z,Samsung,SM-F766B,Red,256GB,Mobile phone,SM-F766BZRGEUB,REPAIRED,L2,OOW due to impact damaged hinge areaCondition: FairCXDamage,"replaced screen, batts and tapes",GH82-37583A,1,GH82-37818A,1,GH82-37820A,1,GH82-37581D,1,GH82-37582A,1,0,0,0,0,0,0,0,0,,,,,,,,,,,,
1306916,350117736011170,RFCYA0L4Q7K,Samsung,SM-F966B/DS,Light Green,,Mobile phone,SM-F966BLGCEUB,REPAIRED,UB,"Bright pixels on main display, no corresponding dents or scr","Repaired screen, tapes",GH81-27757A,2,GH82-37824A,2,GH82-38023A,1,GH82-37822A,1,GH82-37543A,1,0,0,0,0,0,0,0,0,,,,,,,,,,,,
1306950,358223750168029,RZCX82A6MJZ,Samsung,SM-F741B,Silver,256GB,Mobile phone,SM-F741BZSGEUB,REPAIRED,L2,"Unable to IQC - device is turning off when folded, screen is","replaced screen, batts, tapes",GH82-35143A,1,GH82-35023A,1,GH82-35141A,1,GH82-35014A,1,GH82-35024A,1,0,0,0,0,0,0,0,0,,,,,,,,,,,,
1306955,353936441407150,R5CX702672Y,Samsung,SM-F741B,Light Green,256GB,Mobile phone,SM-F741BLGGEUB,REPAIRED,L2,OOW due to impact damage- puncture mark in the display- No S,"screen, batteries, tapes",GH82-35023A,1,GH82-35141A,1,GH82-35024A,1,GH82-35014D,1,GH82-35143A,1,0,0,0,0,0,0,0,0,,,,,,,,,,,,
1306962,353936443954894,R5CX73VAWHR,Samsung,SM-F741B,Silver,256GB,Mobile phone,SM-F741BZSGEUB,REPAIRED,L2,SC+ Damaged screen,"replaced screen, batts and tapes",GH82-35014A,1,GH82-35024A,1,GH82-35143A,1,GH82-35141A,1,GH82-35023A,1,0,0,0,0,0,0,0,0,,,,,,,,,,,,
1306973,353417575004964,R5CT52T9A4D,Samsung,SM-F711B,Black,,Mobile phone,SM-F711BZKBEUA,REPAIRED,L2,OW - High hinge DamageOOW by dateCondition fairGreen line th,"Repaired screen, frame, batteries, tapes",GH82-26257A,1,GH82-27243A,1,GH82-26270A,1,GH82-26271A,1,GH82-35108A,1,0,0,0,0,0,0,0,0,,,,,,,,,,,,
1307329,352648381760008,R5CY907K9DT,Samsung,SM-F766B,Red,512GB,Mobile phone,SM-F766BZRHEUB,REPAIRED,L2,Unable to IQC - no main display,"replaced screen, batts, tapes",GH82-38794D,1,GH82-37582A,1,GH82-37583A,1,GH82-37818A,2,GH82-37820A,1,0,0,0,0,0,0,0,0,,,,,,,,,,,,
1307365,353936440986162,R5CX63BLLAF,Samsung,SM-F741B,Silver,256GB,Mobile phone,SM-F741BZSGEUB,REPAIRED,L2,Main display is completely blankno damage to the screen or h,Main screen replaced,GH82-35143A,1,GH82-35141A,1,GH82-35023A,1,GH82-35024A,1,GH82-35014A,1,0,0,0,0,0,0,0,0,,,,,,,,,,,,
1307378,351451342503448,RFCX903ERFJ,Samsung,SM-F956B/DS,Dark Blue,,Mobile phone,SM-F956BDBBEUB,REPAIRED,UB,TFE crack and screen bleed out from down the foldNo dents or,"Replaced screen, tapes, sp",GH82-35137A,2,GH81-26062A,2,GH82-35139A,1,GH82-35138A,1,GH82-35046A,1,0,0,0,0,0,0,0,0,,,,,,,,,,,,
1307390,350798020881210,R5CY63VXJ4R,Samsung,SM-F766B,Black,256GB,Mobile phone,SM-F766BZKGEUB,REPAIRED,UB,Condition: PoorOOW due to impact damage  puncture on screen,Main screen replaced,GH82-37578A,1,GH82-37816A,1,GH82-37818A,1,GH82-37820A,1,GH81-27575A,2,0,0,0,0,0,0,0,0,,,,,,,,,,,,
1307401,350117735370197,RFCY71YH4QR,Samsung,SM-F966B/DS,Light Green,,Mobile phone,SM-F966BLGCEUB,REPAIRED,L2,SC+ Damaged Screen / Frame,"replaced screen ,batteries,tapes",GH82-37548D,1,GH96-19861A,1,GH82-37824A,1,GH82-37549A,1,GH82-37550A,1,GH82-38023A,1,0,0,0,0,0,0,,,,,,,,,,,,
1307409,350929877196234,R5CX23LSX9V,Samsung,SM-F731B,Green,256GB,Mobile phone,SM-F731BZGGEUB,REPAIRED,L2,OOW Impact DamageDamaged Deco and P-CapCondition: FairQuery:,"New screen, batts and tapes",GH82-31828E,1,GH82-31700A,1,GH82-31699A,1,GH82-35929A,1,GH82-35928A,1,0,0,0,0,0,0,0,0,,,,,,,,,,,,
1307413,351798162406353,R5CW80K0PMA,Samsung,SM-F731B,Light Green,512GB,Mobile phone,SM-F731BLGHEUB,REPAIRED,UB,Black dot on the right side of the foldable area of the scre,"replaced screen, front cam, tapes",GH82-34625A,1,GH82-35928A,1,GH82-35929A,1,GH81-23854A,2,GH96-15978A,1,GH82-32951A,1,0,0,0,0,0,0,,,,,,,,,,,,
1307415,350966324896198,RFCY70XN26Y,Samsung,SM-F966B/DS,Black,,Mobile phone,SM-F966BZKBEUB,REPAIRED,UB,OOW due to impact damage- No SP- Screen is damaged on the ri,Replaced screen,GH82-37543A,1,GH82-37822A,1,GH82-37824A,1,GH82-38023A,1,GH81-27757A,1,0,0,0,0,0,0,0,0,,,,,,,,,,,,
1307417,357220240133754,RZCXB21X9WP,Samsung,SM-F956B/DS,Silver,,Mobile phone,SM-F956BZSCEUB,REPAIRED,UB,"Black spot at fold, no dents on the display or signs of misu","Replaced screens, tapes, sp",GH82-35138A,2,GH82-35047A,1,GH81-26062A,2,GH82-35139A,1,GH82-35137A,1,GH82-35046A,1,0,0,0,0,0,0,,,,,,,,,,,,
1307422,353936441713003,R5CX70E7E2F,Samsung,SM-F741B,Silver,256GB,Mobile phone,SM-F741BZSGEUB,REPAIRED,L2,SC+ Damaged screen,"Replaced - screen, batteries, tapes",GH82-35014A,1,GH82-35024A,1,GH82-35023A,1,GH82-35141A,1,GH82-35143A,1,0,0,0,0,0,0,0,0,,,,,,,,,,,,
1307437,350250416694906,RZCXA1F9FXL,Samsung,SM-A556B/DS,Black,,Mobile phone,SM-A556BZKAEEB,REPAIRED,SU,OW - PIN LOCK,"Device reset and unlocked, software updated",0,0,0,0,0,0,0,0,0,0,0,0,0,0,0,0,0,0,,,,,,,,,,,,
1306916,350117736011170,RFCYA0L4Q7K,Samsung,SM-F966B/DS,Light Green,,Mobile phone,SM-F966BLGCEUB,REPAIRED,UB,"Bright pixels on main display, no corresponding dents or scr","Repaired screen, tapes",GH81-27757A,2,GH82-37824A,2,GH82-38023A,1,GH82-37822A,1,GH82-37543A,1,0,0,0,0,0,0,0,0,,,,,,,,,,,,
1306950,358223750168029,RZCX82A6MJZ,Samsung,SM-F741B,Silver,256GB,Mobile phone,SM-F741BZSGEUB,REPAIRED,L2,"Unable to IQC - device is turning off when folded, screen is","replaced screen, batts, tapes",GH82-35143A,1,GH82-35023A,1,GH82-35141A,1,GH82-35014A,1,GH82-35024A,1,0,0,0,0,0,0,0,0,,,,,,,,,,,,
1306955,353936441407150,R5CX702672Y,Samsung,SM-F741B,Light Green,256GB,Mobile phone,SM-F741BLGGEUB,REPAIRED,L2,OOW due to impact damage- puncture mark in the display- No S,"screen, batteries, tapes",GH82-35023A,1,GH82-35141A,1,GH82-35024A,1,GH82-35014D,1,GH82-35143A,1,0,0,0,0,0,0,0,0,,,,,,,,,,,,
1306962,353936443954894,R5CX73VAWHR,Samsung,SM-F741B,Silver,256GB,Mobile phone,SM-F741BZSGEUB,REPAIRED,L2,SC+ Damaged screen,"replaced screen, batts and tapes",GH82-35014A,1,GH82-35024A,1,GH82-35143A,1,GH82-35141A,1,GH82-35023A,1,0,0,0,0,0,0,0,0,,,,,,,,,,,,
1306973,353417575004964,R5CT52T9A4D,Samsung,SM-F711B,Black,,Mobile phone,SM-F711BZKBEUA,REPAIRED,L2,OW - High hinge DamageOOW by dateCondition fairGreen line th,"Repaired screen, frame, batteries, tapes",GH82-26257A,1,GH82-27243A,1,GH82-26270A,1,GH82-26271A,1,GH82-35108A,1,0,0,0,0,0,0,0,0,,,,,,,,,,,,
1307329,352648381760008,R5CY907K9DT,Samsung,SM-F766B,Red,512GB,Mobile phone,SM-F766BZRHEUB,REPAIRED,L2,Unable to IQC - no main display,"replaced screen, batts, tapes",GH82-38794D,1,GH82-37582A,1,GH82-37583A,1,GH82-37818A,2,GH82-37820A,1,0,0,0,0,0,0,0,0,,,,,,,,,,,,
1307365,353936440986162,R5CX63BLLAF,Samsung,SM-F741B,Silver,256GB,Mobile phone,SM-F741BZSGEUB,REPAIRED,L2,Main display is completely blankno damage to the screen or h,Main screen replaced,GH82-35143A,1,GH82-35141A,1,GH82-35023A,1,GH82-35024A,1,GH82-35014A,1,0,0,0,0,0,0,0,0,,,,,,,,,,,,
1307378,351451342503448,RFCX903ERFJ,Samsung,SM-F956B/DS,Dark Blue,,Mobile phone,SM-F956BDBBEUB,REPAIRED,UB,TFE crack and screen bleed out from down the foldNo dents or,"Replaced screen, tapes, sp",GH82-35137A,2,GH81-26062A,2,GH82-35139A,1,GH82-35138A,1,GH82-35046A,1,0,0,0,0,0,0,0,0,,,,,,,,,,,,
1307390,350798020881210,R5CY63VXJ4R,Samsung,SM-F766B,Black,256GB,Mobile phone,SM-F766BZKGEUB,REPAIRED,UB,Condition: PoorOOW due to impact damage  puncture on screen,Main screen replaced,GH82-37578A,1,GH82-37816A,1,GH82-37818A,1,GH82-37820A,1,GH81-27575A,2,0,0,0,0,0,0,0,0,,,,,,,,,,,,
1307401,350117735370197,RFCY71YH4QR,Samsung,SM-F966B/DS,Light Green,,Mobile phone,SM-F966BLGCEUB,REPAIRED,L2,SC+ Damaged Screen / Frame,"replaced screen ,batteries,tapes",GH82-37548D,1,GH96-19861A,1,GH82-37824A,1,GH82-37549A,1,GH82-37550A,1,GH82-38023A,1,0,0,0,0,0,0,,,,,,,,,,,,
1307409,350929877196234,R5CX23LSX9V,Samsung,SM-F731B,Green,256GB,Mobile phone,SM-F731BZGGEUB,REPAIRED,L2,OOW Impact DamageDamaged Deco and P-CapCondition: FairQuery:,"New screen, batts and tapes",GH82-31828E,1,GH82-31700A,1,GH82-31699A,1,GH82-35929A,1,GH82-35928A,1,0,0,0,0,0,0,0,0,,,,,,,,,,,,
1307413,351798162406353,R5CW80K0PMA,Samsung,SM-F731B,Light Green,512GB,Mobile phone,SM-F731BLGHEUB,REPAIRED,UB,Black dot on the right side of the foldable area of the scre,"replaced screen, front cam, tapes",GH82-34625A,1,GH82-35928A,1,GH82-35929A,1,GH81-23854A,2,GH96-15978A,1,GH82-32951A,1,0,0,0,0,0,0,,,,,,,,,,,,
1307415,350966324896198,RFCY70XN26Y,Samsung,SM-F966B/DS,Black,,Mobile phone,SM-F966BZKBEUB,REPAIRED,UB,OOW due to impact damage- No SP- Screen is damaged on the ri,Replaced screen,GH82-37543A,1,GH82-37822A,1,GH82-37824A,1,GH82-38023A,1,GH81-27757A,1,0,0,0,0,0,0,0,0,,,,,,,,,,,,
1307417,357220240133754,RZCXB21X9WP,Samsung,SM-F956B/DS,Silver,,Mobile phone,SM-F956BZSCEUB,REPAIRED,UB,"Black spot at fold, no dents on the display or signs of misu","Replaced screens, tapes, sp",GH82-35138A,2,GH82-35047A,1,GH81-26062A,2,GH82-35139A,1,GH82-35137A,1,GH82-35046A,1,0,0,0,0,0,0,,,,,,,,,,,,
1307422,353936441713003,R5CX70E7E2F,Samsung,SM-F741B,Silver,256GB,Mobile phone,SM-F741BZSGEUB,REPAIRED,L2,SC+ Damaged screen,"Replaced - screen, batteries, tapes",GH82-35014A,1,GH82-35024A,1,GH82-35023A,1,GH82-35141A,1,GH82-35143A,1,0,0,0,0,0,0,0,0,,,,,,,,,,,,
1307437,350250416694906,RZCXA1F9FXL,Samsung,SM-A556B/DS,Black,,Mobile phone,SM-A556BZKAEEB,REPAIRED,SU,OW - PIN LOCK,"Device reset and unlocked, software updated",0,0,0,0,0,0,0,0,00/01/1900 00:00,0,0,0,0,0,0,0,0,0,,,,,,,,,,,,
1307456,352318722729746,R7AY50ZAN9E,Samsung,SM-A057G/DSN,Silver,,Mobile phone,SM-A057GZSUEUB,REPAIRED,L2,IQC fail - charging issue,"replaced main board, ctc, SUB pba, tapes",GH81-24359A,1,GH81-24366A,1,GH81-24650A,1,0,0,00/01/1900 00:00,0,0,0,0,0,0,0,0,0,,,,,,,,,,,,
1307473,351451340837574,RFCX619L7ZZ,Samsung,SM-F956B/DS,Light Pink,,Mobile phone,SM-F956BLIBEUB,REPAIRED,UB,IQC - SKIP - no displayQUERY - Crease has developed down the,"RepairedĀscreen,Āframe,Ābatts,Ātapes",GH82-35049A,1,GH82-35044B,1,GH82-35138A,2,0201-004132,1,GH81-26108A,1,GH81-15872A,1,GH82-35039A,1,GH81-26062A,2,GH82-35048A,1,,,,,,,,,,,,
1307490,351337090223497,R5CX6359M5B,Samsung,SM-F741B,Light Green,512GB,Mobile phone,SM-F741BLGHEUB,REPAIRED,L2,OOW due to impact damage- No SP- Puncture mark in the displa,Main screen replaced,GH82-35023A,1,GH82-35024A,1,GH82-35014D,1,GH82-35141A,1,GH82-35143A,1,0,0,0,0,0,0,0,0,,,,,,,,,,,,
1307920,350330050768727,R5CT12J0GNT,Samsung,SM-S901B/DS,White,,Mobile phone,SM-S901BZWDEUB,REPAIRED,L2,Pink line on screen,"Replaced screen, battery, tape",GH82-27520B,1,GH82-27494A,1,GH82-27496A,1,0,0,00/01/1900 00:00,0,0,0,0,0,0,0,0,0,,,,,,,,,,,,
1308237,353227411176763,RFCW80TPLSL,Samsung,SM-F946B/DS,Black,,Mobile phone,SM-F946BZKBEUB,REPAIRED,L2,WIFI and bluetooth issues,New mainboard and tapes,GH81-24686A,1,GH82-31856A,1,0,0,0,0,00/01/1900 00:00,0,0,0,0,0,0,0,0,0,,,,,,,,,,,,
1308264,350046320658916,R5CY518Y3VB,Samsung,SM-S937B/DS,Silver,,Mobile phone,SM-S937BZSGEUB,REPAIRED,L2,Phone wont turn on ive tried 3 different chargers and tried,"Replaced pba, sub pba, battery, tape",GH81-27504A,2,GH82-37312A,1,GH82-37227A,1,GH96-19587A,1,GH82-37264A,1,0,0,0,0,0,0,0,0,,,,,,,,,,,,
1308306,353936443926538,R5CX73RJFLL,Samsung,SM-F741B,Light Green,256GB,Mobile phone,SM-F741BLGGEUB,REPAIRED,L2,"Screen issue along the fold line, used with screen protector","OCTA, Batteries and Tapes Replaced",GH82-35014D,1,GH82-35024A,1,GH82-35023A,1,GH82-35141A,1,GH82-35143A,1,0,0,0,0,0,0,0,0,,,,,,,,,,,,
1308307,350117735816025,RFCY90F6GEB,Samsung,SM-F966B/DS,Black,,Mobile phone,SM-F966BZKCEUB,REPAIRED,UB,"UTG Crack, flickering screen",Repaired screen. tapes,GH82-38023A,2,GH81-27757A,2,GH82-37824A,1,GH82-37822A,1,GH82-37543A,1,0,0,0,0,0,0,0,0,,,,,,,,,,,,
1308309,352142132538798,RFCWB1CMFPB,Samsung,SM-S911B/DS,Black,,Mobile phone,SM-S911BZKGEUB,REPAIRED,UB,dropped phone when getting it out of pocket,"Replaced oled, frame, battery, cover, tapes",GH82-31245A,1,GH96-15624A,1,GH82-30483A,1,GH82-30551A,1,GH82-30553A,1,GH82-30393A,1,0,0,0,0,0,0,,,,,,,,,,,,
1308310,350798026915558,R5GYB3YNCNF,Samsung,SM-F766B,Red,256GB,Mobile phone,SM-F766BZRGEUB,REPAIRED,UB,Bottom half of the screen shows white screen,OLED and SP Replaced,GH81-27575A,1,GH82-37820A,1,GH82-37818A,1,GH82-37816A,1,GH82-37578A,1,0,0,0,0,0,0,0,0,,,,,,,,,,,,
1308317,353936443981962,R5CX73YWA0Z,Samsung,SM-F741B,Light Blue,256GB,Mobile phone,SM-F741BLBGEUB,REPAIRED,L2,Condition GoodMM OFF  CTC issue causing no touchscreen,"Repaired screen, frame, batteries, tapes",GH82-35024A,1,GH82-35023A,1,GH81-26035A,2,GH82-35014C,1,GH82-35141A,1,GH82-35143A,1,0,0,0,0,0,0,,,,,,,,,,,,
1308328,350622234226139,RFCY71KWL8Z,Samsung,SM-F966B/DS,Black,,Mobile phone,SM-F966BZKNEUB,REPAIRED,UB,"IW - SCREEN BLEED ON MAIN SCREEN, NO DAMAGE,  GHOST TOUCH","REPLACED - SCREEN, TAPES, SP",GH82-37822A,1,GH82-37824A,1,0201-004132,1,GH81-26108A,1,GH81-15872A,1,GH82-37534C,1,GH81-27757A,2,GH82-38023A,1,GH82-37543A,1,,,,,,,,,,,,
1308334,350622234295183,RFCY724TFFV,Samsung,SM-F966B/DS,Black,,Mobile phone,SM-F966BZKNEUB,REPAIRED,UB,IW - LINES IN MAIN SCREEN,"REPAIRED SCREEN, TAPES",GH82-37543A,1,GH82-37824A,1,GH82-37822A,1,GH82-38023A,1,GH81-27757A,2,0,0,0,0,0,0,0,0,,,,,,,,,,,,
1308335,353936441896907,R5CX70LCART,Samsung,SM-F741B,Silver,256GB,Mobile phone,SM-F741BZSGEUB,REPAIRED,L2,TFE Crack,"replaced screen, batts and tapes",GH82-35024A,1,GH82-35023A,1,GH82-35143A,1,GH82-35141A,1,GH82-35014A,1,0,0,0,0,0,0,0,0,,,,,,,,,,,,
1308336,351798162094738,R5CW72MLAHW,Samsung,SM-F731B,Grey,512GB,Mobile phone,SM-F731BZAHEUB,REPAIRED,L2,"UTG Crack, hinge not opening fully","Replaced octa, batteries, tapes",GH82-35928A,1,GH82-31828A,1,GH82-35929A,1,GH82-34625A,1,GH82-31700A,1,GH82-31699A,1,0,0,0,0,0,0,,,,,,,,,,,,
1308340,350798025866125,R5CY8387VQF,Samsung,SM-F766B,Red,256GB,Mobile phone,SM-F766BZRGEUB,REPAIRED,L2,customer opened the device and where it fold it started to s,"screen, battery and sub ub",GH82-37820A,1,GH82-37818A,1,GH82-37583A,1,GH82-37579A,1,GH82-37582A,1,GH82-38794D,1,0,0,0,0,0,0,,,,,,,,,,,,
1308344,352242380212920,RFCX910HH3P,Samsung,SM-F956B/DS,White,,Mobile phone,SM-F956BZWNEUB,REPAIRED,UB,Condition GoodMM ONUTG crack black line down the screen and,"Repaired screen, tapes",GH82-35046A,1,GH82-35137A,1,GH82-35138A,1,GH82-35139A,1,GH81-26062A,2,0,0,0,0,0,0,0,0,,,,,,,,,,,,
1308346,353936446092361,R5CXC0TS3EH,Samsung,SM-F741B,Light Green,256GB,Mobile phone,SM-F741BLGGEUB,REPAIRED,UB,IW - Screen bleed LHS of crease,"Repaired screen, tapes",GH98-49714A,1,GH81-26035A,2,GH82-35022A,1,GH02-26398A,1,GH02-26374A,1,GH82-35141A,1,GH82-35143A,1,GH82-35145A,1,0,0,,,,,,,,,,,,
1308347,350966326041512,RFCY915HHWK,Samsung,SM-F966B/DS,Dark Blue,,Mobile phone,SM-F966BDBBEUB,REPAIRED,UB,my inner screen is completely blank on the one side,screen,GH82-37822A,1,GH82-38023A,1,GH82-37824A,1,GH81-27757A,1,GH82-37543A,1,0,0,0,0,0,0,0,0,,,,,,,,,,,,
1308358,358223750022770,RZCX80GAEHB,Samsung,SM-F741B,Light Blue,256GB,Mobile phone,SM-F741BLBGEUB,REPAIRED,L2,"UTG crack with a few minor dents and scratches, no display,","Main screen, frame, batteries, tapes replaced",GH82-35014C,1,GH82-35024A,1,GH82-35023A,1,GH82-35141A,1,GH82-35143A,1,0,0,0,0,0,0,0,0,,,,,,,,,,,,
1308362,355915851600213,RZCX40PMPKW,Samsung,SM-S711B/DS,Grey,,Mobile phone,SM-S711BZADEUB,REPAIRED,L2,Unable to IQC - Bootlooping,"replaced main board, sub board, ctc and tapes",GH82-32853A,1,GH96-16217A,1,GH82-32859A,1,GH02-25656A,1,00/01/1900 00:00,0,0,0,0,0,0,0,0,0,,,,,,,,,,,,
1308364,353936444212789,R5CX82CVQKW,Samsung,SM-F741B,Silver,256GB,Mobile phone,SM-F741BZSGEUB,REPAIRED,L2,Condition GoodMM OFF  No Power,"Repaired screen, frame, batteries, tapes",GH82-35024A,1,GH82-35143A,1,GH82-35141A,1,GH82-35023A,1,GH82-35014A,1,0,0,0,0,0,0,0,0,,,,,,,,,,,,
1308366,355928818145685,RFCW41DQGDB,Samsung,SM-S918B/DS,Light Pink,,Mobile phone,SM-S918BLIDEUB,REPAIRED,UB,"[Defect HW, SW, App]","Replaced oled, frame, battery, tapes",GH96-15621A,1,GH81-24723A,1,GH81-24724A,1,GH96-15833D,1,GH82-30459A,1,GH82-33783A,1,0,0,0,0,0,0,,,,,,,,,,,,
1308371,353249146254178,RFCT10ZJKVV,Samsung,SM-F926B/DS,Black,,Mobile phone,SM-F926BZKDEUA,REPAIRED,L2,OOW By dateCondition: FairQuery: FAO Chris H- - Fault with P,"New screen, batts, tapes and cover",GH82-26283A,1,GH82-26236A,1,GH82-26237A,1,GH82-26477A,1,GH82-26476A,1,GH82-26312A,1,0,0,0,0,0,0,,,,,,,,,,,,
1308374,350077873308591,R5CT83M1MNX,Samsung,SM-F721B,Light Violet,128GB,Mobile phone,SM-F721BLVGEUB,REPAIRED,L2,OOW By dateCondition: FairQuery: Damage Along the Foldable L,"needs screen, batts, cover, tapes",GH82-29298B,1,GH81-24715A,1,GH81-24714A,1,GH82-29434A,1,GH82-29433A,1,GH82-30238B,1,0,0,0,0,0,0,,,,,,,,,,,,
1308377,350077872388735,R5CT81MBCSK,Samsung,SM-F721B,Grey,128GB,Mobile phone,SM-F721BZAGEUB,REPAIRED,L2,OOW By dateCondition: FairQuery: Turns off when folded.Will,"Damage screen , frame does not open fully , taking no power at all ,no",GH96-15289A,1,GH82-29628A,1,GH81-24714A,1,GH82-29434A,1,GH82-29433A,1,GH82-30239A,1,0,0,0,0,0,0,,,,,,,,,,,,
1308383,355001767653131,R5CT10WR3TH,Samsung,SM-F711B,Green,,Mobile phone,SM-F711BZGBEUA,REPAIRED,L1,OOW By dateCondition: FairQuery: I&apos;ve had this same iss,Sp Replacement,GH81-22922A,2,0,0,0,0,0,0,0,0,0,0,0,0,0,0,0,0,,,,,,,,,,,,
1308394,359360590159377,RFCW70GJA7H,Samsung,SM-F946B/DS,Light Blue,,Mobile phone,SM-F946BLBNEUB,REPAIRED,L1,OOW By dateCondition: FairQuery: Internal screen protector h,Replaced screen protector,GH81-23916A,1,0,0,0,0,0,0,0,0,0,0,0,0,0,0,0,0,,,,,,,,,,,,
1308741,351451342054954,RFCX7106T2N,Samsung,SM-F956B/DS,Absolute Black,,Mobile phone,SM-F956BAKBEUB,REPAIRED,UB,Inner screen protector was lifting down the crease. Booked a,Replaced - Screen and deco kit,GH81-26062A,2,GH82-35139A,1,GH82-35138A,1,GH82-35137A,1,GH82-35046A,1,0,0,0,0,0,0,0,0,,,,,,,,,,,,
